{
  "pr_auc": 0.7617336215386302,
  "roc_auc": 0.9095483005366727,
  "n_observations": 978,
  "n_positives": 172,
  "attack_rate": 0.17586912065439672,
  "recall_at_10": 0.05813953488372093,
  "precision_at_10": 1.0,
  "recall_at_25": 0.14534883720930233,
  "precision_at_25": 1.0,
  "recall_at_50": 0.27906976744186046,
  "precision_at_50": 0.96,
  "recall_at_100": 0.47093023255813954,
  "precision_at_100": 0.81
}