{
  "attack_rate_config": "2pct",
  "pr_auc": 0.9043440052477006,
  "roc_auc": 0.5758426966292135,
  "n_observations": 194,
  "n_positives": 178,
  "attack_rate": 0.9175257731958762,
  "n_entities": 9,
  "n_chains": 4,
  "recall_at_10": 0.03932584269662921,
  "precision_at_10": 0.7,
  "recall_at_25": 0.12359550561797752,
  "precision_at_25": 0.88,
  "recall_at_50": 0.24157303370786518,
  "precision_at_50": 0.86,
  "recall_at_100": 0.5168539325842697,
  "precision_at_100": 0.92
}