{
  "pr_auc": 0.5753593920344159,
  "roc_auc": 0.2921040279911247,
  "n_observations": 815,
  "n_positives": 567,
  "attack_rate": 0.6957055214723926,
  "recall_at_10": 0.010582010582010581,
  "precision_at_10": 0.6,
  "recall_at_25": 0.019400352733686066,
  "precision_at_25": 0.44,
  "recall_at_50": 0.029982363315696647,
  "precision_at_50": 0.34,
  "r_hat_max": 1.0,
  "ess_bulk_min": 3961.0,
  "converged": true
}