{
  "original": {
    "attack_rate": 0.7177914110429447,
    "pr_auc": 0.6222888558882117,
    "roc_auc": 0.3129877369007804,
    "r_hat_max": 1.0,
    "ess_min": 5916.0,
    "divergences": 0
  },
  "rare_attack": {
    "attack_rate": 0.419082762256194,
    "pr_auc": 0.3991137475969169,
    "roc_auc": 0.39095013069433504,
    "r_hat_max": 1.0,
    "ess_min": 5905.0,
    "divergences": 0
  }
}