{
  "BSAD_FPR@80%": 0.9869247311827957,
  "BSAD_FPR@90%": 0.9869247311827957,
  "BSAD_PR_AUC": 0.017190959461023503,
  "BSAD_ROC_AUC": 0.34490829039626797,
  "IsolationForest_FPR@80%": 0.5491935483870968,
  "IsolationForest_FPR@90%": 0.8906021505376344,
  "IsolationForest_PR_AUC": 0.02791243535921688,
  "IsolationForest_ROC_AUC": 0.6015114272110463,
  "LOF_FPR@80%": 0.7446236559139785,
  "LOF_FPR@90%": 0.7446236559139785,
  "LOF_PR_AUC": 0.0362904068092094,
  "LOF_ROC_AUC": 0.5251820673275858
}