{
  "operational_metrics": {
    "BSAD": {
      "FPR@90%_recall": 0.9869247311827957,
      "FPR@95%_recall": 0.9869247311827957,
      "FPR@99%_recall": 0.9869247311827957,
      "alerts_per_day_95recall": 9871,
      "precision_at_95recall": 0.02016589625612503,
      "fp_per_tp": 48.58867125463208,
      "first_tp_rank": 2,
      "first_tp_percentile": 0.0021075481838203525,
      "alert_quality_score": 0.7364057218645582
    },
    "IsolationForest": {
      "FPR@90%_recall": 0.8906021505376344,
      "FPR@95%_recall": 0.9387204301075269,
      "FPR@99%_recall": 0.9729784946236559,
      "alerts_per_day_95recall": 9389,
      "precision_at_95recall": 0.0202347818279763,
      "fp_per_tp": 48.41985579589572,
      "first_tp_rank": 1,
      "first_tp_percentile": 0.0010537740919101762,
      "alert_quality_score": 0.711459494033242
    },
    "RandomForest": {
      "FPR@90%_recall": 0.0011827956989247312,
      "FPR@95%_recall": 0.0012043010752688173,
      "FPR@99%_recall": 0.018559139784946235,
      "alerts_per_day_95recall": 202,
      "precision_at_95recall": 0.9417576703068122,
      "fp_per_tp": 0.061844284925455593,
      "first_tp_rank": 1,
      "first_tp_percentile": 0.0010537740919101762,
      "alert_quality_score": 0.0009113719622616866
    },
    "LogisticRegression": {
      "FPR@90%_recall": 0.40408602150537637,
      "FPR@95%_recall": 0.4493225806451613,
      "FPR@99%_recall": 0.6275376344086021,
      "alerts_per_day_95recall": 4593,
      "precision_at_95recall": 0.04136269786648314,
      "fp_per_tp": 23.17637271214642,
      "first_tp_rank": 1,
      "first_tp_percentile": 0.0010537740919101762,
      "alert_quality_score": 0.34054315388331274
    }
  },
  "cost_summary": {
    "BSAD": {
      "optimal_cost": 5153500.0,
      "optimal_recall": 0.996309963099631,
      "optimal_alerts": 94180
    },
    "IsolationForest": {
      "optimal_cost": 5084150.0,
      "optimal_recall": 0.9973642593568793,
      "optimal_alerts": 94791
    },
    "RandomForest": {
      "optimal_cost": 384550.0,
      "optimal_recall": 0.9994728518713759,
      "optimal_alerts": 4795
    },
    "LogisticRegression": {
      "optimal_cost": 3893200.0,
      "optimal_recall": 0.9994728518713759,
      "optimal_alerts": 74968
    }
  },
  "surprise_metrics": {
    "mean_attack_surprise": 0.46565380500027054,
    "mean_normal_surprise": 0.6117812301394346,
    "surprise_ratio": 0.7611443143131839,
    "surprise_separation": -0.1461274251391641,
    "ks_statistic": 0.2690415936878263,
    "ks_pvalue": 2.5206274297025726e-119
  },
  "analysis_params": {
    "cost_fp": 50,
    "cost_fn": 50000,
    "cost_tp": 100,
    "daily_events": 10000,
    "attack_rate": 0.019990094523536044
  }
}